CÃ³digo,DenominaciÃ³n,Nombre,Dependencia,Domicilio,Localidad,Municipio,Provincia,CÃ³d.Postal,TelÃ©fono,EnseÃ±anzas,Servicios,Biling
14000011,Colegio de Educación Infantil y Primaria,Sierra de Adamuz,Público,Paseo Antonio Gala  5,Adamuz,Adamuz,Córdoba,14430,957199524,INF-PRI-EE,PAC-PAM-PAE,
14000070,Colegio de Educación Infantil y Primaria,Alonso de Aguilar,Público,C/ Alonso de Aguilar  60,Aguilar de la Frontera,Aguilar de la Frontera,Córdoba,14920,957699641,INF-PRI-EE,PAC-PAM-PAE,
14000094,Colegio de Educación Infantil y Primaria,Carmen Romero,Público,Ctra. Puente Genil  s/n,Aguilar de la Frontera,Aguilar de la Frontera,Córdoba,14920,957699574,INF-PRI-EE,PAC-PAM-PAE,CBI
14000082,Colegio de Educación Infantil y Primaria,Doña María Coronel,Público,C/ El Tejar  14,Aguilar de la Frontera,Aguilar de la Frontera,Córdoba,14920,957699939,INF-PRI-EE,PAC-PAM-PAE,CBI
14008081,Colegio de Educación Infantil y Primaria,Guillermo Romero Fernández,Público,Ctra. Aeropuerto  Km.4,Alameda del Obispo,Córdoba,Córdoba,14005,957734541,INF-PRI-SEC-EE,PAE-TE,
14000367,Colegio de Educación Infantil y Primaria,Santa María de Albendín,Público,C/ Maestro Antonio Herenas  s/n,Albendín,Baena,Córdoba,14859,957699647,INF-PRI-SEC-EE,PAC-PAM-PAE,
14000151,Colegio de Educación Infantil y Primaria,Ntra. Sra. de Guía,Público,C/ Extramuros  s/n,Alcaracejos,Alcaracejos,Córdoba,14480,957139650,INF-PRI-SEC-EE,PAC,
14007738,Colegio de Educación Infantil y Primaria,Joaquín Tena Artigas,Público,Ctra. de Madrid  s/n,Alcolea,Córdoba,Córdoba,14610,957379922,INF-PRI-EE,PAC-PAM-PAE-TE,CBI
14007532,Colegio de Educación Infantil y Primaria,Los Ángeles,Público,C/ Francia  s/n,Alcolea,Córdoba,Córdoba,14015,957379600,INF-PRI-EE,PAC-PAM-PAE,CBI
14003851,Colegio de Educación Infantil y Primaria,Blas Infante,Público,Avda. del Parque  17,Aldea de Fuente Carreteros,Fuente Carreteros,Córdoba,14110,957719907,INF-PRI-SEC-EE,PAC-PAE,
14000069,Colegio de Educación Infantil y Primaria,Fray Albino,Público,C/ Fray Albino  2,Algallarín,Adamuz,Córdoba,14439,957199528,INF-PRI,PAC,CBF
14000185,Colegio de Educación Infantil y Primaria,Rodríguez Vega,Público,Paseo de Las Moreras  s/n,Almedinilla,Almedinilla,Córdoba,14812,957559926,INF-PRI-SEC-EE,PAC-TE,CBI
14000288,Colegio de Educación Infantil y Primaria,Luis de Góngora,Público,C/ Luis de Góngora  s/n,Almodóvar del Río,Almodóvar del Río,Córdoba,14720,957719500,INF-PRI-EE,PAC-PAM-PAE-TE,
14000355,Colegio de Educación Infantil y Primaria,Ntra. Sra. de la Peña,Público,Brr.  Amargura  88,Añora,Añora,Córdoba,14450,957139800,INF-PRI-SEC-EE,PAC,
14000422,Colegio de Educación Infantil y Primaria,Juan Alfonso de Baena,Público,C/ Puerta de Córdoba  s/n,Baena,Baena,Córdoba,14850,957699651,INF-PRI-EE,PAC-PAM-PAE,
14000392,Colegio de Educación Infantil y Primaria,Valverde y Perales,Público,C/ Antonio Machado  7,Baena,Baena,Córdoba,14850,957699911,INF-PRI-EE,PAC-PAM-PAE,CBI
14000410,Colegio de Educación Infantil y Primaria,Virrey del Pino,Público,C/ Ramón y Cajal  7,Baena,Baena,Córdoba,14850,957699948,INF-PRI-EE,PAC-PAM-PAE,
14000525,Colegio de Educación Infantil y Primaria,Sor Felipa de la Cruz,Público,C/ Consolación  s/n,Belalcázar,Belalcázar,Córdoba,14280,957149911,INF-PRI-EE,PAC-PAM-PAE,
14000550,Colegio de Educación Infantil y Primaria,Ntra. Sra. de los Remedios,Público,C/ Covadonga  s/n.,Belmez,Belmez,Córdoba,14240,957579521,INF-PRI-EE,PAE,
14010634,Colegio de Educación Infantil y Primaria,Nuestra Señora de Gracia,Público,C/ Medina Azahara  s/n,Benamejí,Benamejí,Córdoba,14910,957596552,INF-PRI-EE,PAC-TE,
14000653,Colegio de Educación Infantil y Primaria,Inmaculada del Voto,Público,C/ Maestro Jesús Jiménez  2,Bujalance,Bujalance,Córdoba,14650,957199530,INF-PRI-EE,PAC-PAM-PAE,CBI
14007970,Colegio de Educación Infantil y Primaria,Juan Díaz del Moral,Público,C/ Ermita de Jesús  s/n,Bujalance,Bujalance,Córdoba,14650,957199927,INF-PRI-EE,PAC-PAE,
14000732,Colegio de Educación Infantil y Primaria,Andrés de Cervantes,Público,Avda. Fuente de las Piedras  53,Cabra,Cabra,Córdoba,14940,957596922,INF-PRI-EE,PAC-PAM-TE,
14000719,Colegio de Educación Infantil y Primaria,Carmen de Burgos,Público,C/ Santo Cristo  41,Cabra,Cabra,Córdoba,14940,957596591,INF-PRI-EE,PAC-PAM,
14000720,Colegio de Educación Infantil y Primaria,Juan Valera,Público,C/ Mío Cid  1,Cabra,Cabra,Córdoba,14940,957596607,INF-PRI-EE,PAC-PAM,CBI
14000744,Colegio de Educación Infantil y Primaria,Ntra. Sra. de la Sierra,Público,Avda. González de Meneses  1,Cabra,Cabra,Córdoba,14940,957596901,INF-PRI-EE,PAC-PAM-PAE,CBF-CBI
14007209,Colegio de Educación Infantil y Primaria,Juan Ramón Jiménez,Público,C/ Córdoba  s/n,Cañada del Rabadán,Fuente Palmera,Córdoba,14113,957719701,INF-PRI-SEC,PAC,
14000926,Colegio de Educación Infantil y Primaria,Ramón Hernández Martínez,Público,C/ Séneca  10,Cañete de las Torres,Cañete de las Torres,Córdoba,14660,957199747,INF-PRI-EE,PAC-PAM-PAE,
14000951,Colegio de Educación Infantil y Primaria,Virgen del Castillo,Público,Avda. de la Constitución  6,Carcabuey,Carcabuey,Córdoba,14810,957559554,INF-PRI-SEC-EE,PAC,CBI
14000999,Colegio de Educación Infantil y Primaria,Maestro Juan Hidalgo,Público,C/ Doctor Marañón  1,Cardeña,Cardeña,Córdoba,14445,957199538,INF-PRI-SEC-EE,PAC-TE,
14001402,Colegio de Educación Infantil y Primaria,Doctor Caravaca,Público,C/ Acacia  s/n,Castro del Río,Castro del Río,Córdoba,14840,957379915,INF-PRI-EE,PAC-PAM-PAE,
14001281,Colegio de Educación Infantil y Primaria,Virgen de la Salud,Público,Paseo de la Salud  18,Castro del Río,Castro del Río,Córdoba,14840,957379900,INF-PRI-EE,PAC-PAM-PAE,CBI
14001441,Colegio de Educación Infantil y Primaria,Santa Bárbara,Público,C/ Acera Sta. Bárbara  17,Cerro Muriano,Córdoba,Córdoba,14350,957379539,INF-PRI-EE,PAC-PAM-PAE-TE,
14001414,Colegio de Educación Infantil y Primaria,Federico García Lorca,Público,Ctra. de Villanueva de Córdoba  s/n,Conquista,Conquista,Córdoba,14448,671535874,INF-PRI,,
14007611,Colegio de Educación Infantil y Primaria,Abderramán,Público,C/ Acera del Río  s/n. Esq.Hixen I,Córdoba,Córdoba,Córdoba,14009,957734933,INF-PRI-EE,PAC-PAE,
14001724,Colegio de Educación Infantil y Primaria,Al-Ándalus,Público,C/ Vicente Aleixandre  s/n,Córdoba,Córdoba,Córdoba,14004,957734589,INF-PRI-EE,PAC-PAM-PAE-TE,CBA
14001712,Colegio de Educación Infantil y Primaria,Albolafia,Público,C/ Motril  s/n,Córdoba,Córdoba,Córdoba,14013,671536246,INF-PRI-EE,PAC-PAM-PAE,
14001645,Colegio de Educación Infantil y Primaria,Alcalde Jiménez Ruiz,Público,C/ Miguel Ángel Orti Belmonte  2,Córdoba,Córdoba,Córdoba,14010,957734570,INF-PRI-EE,PAC-PAM-PAE,CBI
14001748,Colegio de Educación Infantil y Primaria,Alcalde Pedro Barbudo,Público,Avda. Virgen de Linares  2,Córdoba,Córdoba,Córdoba,14007,957734980,INF-PRI-EE,PAC-PAM-PAE,CBI
14001694,Colegio de Educación Infantil y Primaria,Algafequi,Público,C/ Periodista Gago Jiménez  1,Córdoba,Córdoba,Córdoba,14010,957734575,INF-PRI-EE,PAC-PAM-PAE,
14001670,Colegio de Educación Infantil y Primaria,Aljoxani,Público,Avda. Ntra. Sra. de la Merced s/n,Córdoba,Córdoba,Córdoba,14014,957734946,INF-PRI-EE,PAC-PAM-PAE-TE,
14001530,Colegio de Educación Infantil y Primaria,Andalucía,Público,C/ La Rábida  s/n,Córdoba,Córdoba,Córdoba,14013,957734100,INF-PRI-EE,PAC-PAM-PAE,
14008093,Colegio de Educación Infantil y Primaria,Antonio Gala,Público,C/ Músico Tomás de Victoria  s/n,Córdoba,Córdoba,Córdoba,14011,957734949,INF-PRI-EE,PAC-PAE,
14007295,Colegio de Educación Infantil y Primaria,Averroes,Público,C/ La Ladera  7,Córdoba,Córdoba,Córdoba,14007,957734951,INF-PRI-EE,PAC-PAM,CBI
14001487,Colegio de Educación Infantil y Primaria,Caballeros de Santiago,Público,Plaza de Valdelagrana  3,Córdoba,Córdoba,Córdoba,14002,957379954,INF-PRI-EE,PAC-PAM-PAE,CBI
14600759,Colegio de Educación Infantil y Primaria,Ciudad Jardín,Público,C/ Previsión  18,Córdoba,Córdoba,Córdoba,14004,957734522,INF-PRI-EE,PAC-PAM-PAE,CBF-CBI
14001505,Colegio de Educación Infantil y Primaria,Colón,Público,Plaza de Colón  s/n,Córdoba,Córdoba,Córdoba,14001,957734520,INF-PRI-EE,PAC-PAM-PAE,CBI
14600590,Colegio de Educación Infantil y Primaria,Concepción Arenal,Público,Avda. Blas Infante  1,Córdoba,Córdoba,Córdoba,14014,957734984,INF-PRI-EE,PAC-PAM-PAE,
14001608,Colegio de Educación Infantil y Primaria,Condesa de las Quemadas,Público,C/ Murcia  2,Córdoba,Córdoba,Córdoba,14010,957379968,INF-PRI-EE,PAC-PAM-PAE,
14001773,Colegio de Educación Infantil y Primaria,Cronista Rey Díaz,Público,C/ Cronista Rey Díaz  4,Córdoba,Córdoba,Córdoba,14006,957734914,INF-PRI-EE,PAC-PAM-PAE,CBI
14007672,Colegio de Educación Infantil y Primaria,Eduardo Lucena,Público,Avda. Guerrita  s/n,Córdoba,Córdoba,Córdoba,14005,957734959,INF-PRI-EE,PAC-PAM-PAE,
14001529,Colegio de Educación Infantil y Primaria,Enríquez Barrios,Público,C/ Maestro Priego López  1,Córdoba,Córdoba,Córdoba,14004,957734506,INF-PRI-EE,PAC-PAM-PAE,
14601156,Colegio de Educación Infantil y Primaria,Europa,Público,C/ Doctor Manuel Ruiz Maya  s/n,Córdoba,Córdoba,Córdoba,14004,957379723,INF-PRI-EE,PAC-PAM-PAE,
14008071,Colegio de Educación Infantil y Primaria,Federico García Lorca,Público,C/ Libertador G. Artigas,Córdoba,Córdoba,Córdoba,14013,957734962,INF-PRI-EE,PAC-PAM-PAE,
14007234,Colegio de Educación Infantil y Primaria,Fernán Pérez de Oliva,Público,C/ Arquitecto Sáenz de Santamaría  s/n,Córdoba,Córdoba,Córdoba,14010,957734700,INF-PRI-EE,PAC-PAM-PAE,
14002248,Colegio de Educación Infantil y Primaria,Fray Albino,Público,C/ Doña Aldonza  2,Córdoba,Córdoba,Córdoba,14009,957734705,INF-PRI-EE,PAC-PAE,CBI
14600693,Colegio de Educación Infantil y Primaria,Gloria Fuertes,Público,C/ General Lázaro Cárdenas  2,Córdoba,Córdoba,Córdoba,14013,957734706,INF-PRI-EE,PAC-PAM-PAE,
14007271,Colegio de Educación Infantil y Primaria,Hernán Ruiz,Público,Psje. Pintor Reinoso  s/n,Córdoba,Córdoba,Córdoba,14006,957734584,INF-PRI-EE,PAC-PAM-PAE,
14001554,Colegio de Educación Infantil y Primaria,Jerónimo Luis Cabrera,Público,C/ Cañete de las Torres  s/n. Sector Sur,Córdoba,Córdoba,Córdoba,14013,957734593,INF-PRI-EE,PAC-PAM,
14001736,Colegio de Educación Infantil y Primaria,José de la Torre y del Cerro,Público,C/ Virrey de Ceballos  2,Córdoba,Córdoba,Córdoba,14012,957734711,INF-PRI-EE,PAC-PAM-PAE,
14001682,Colegio de Educación Infantil y Primaria,Juan de Mena,Público,Avda. Carlos III  s/n,Córdoba,Córdoba,Córdoba,14014,957734986,INF-PRI-EE,PAC-PAM,CBI
14007441,Colegio de Educación Infantil y Primaria,Juan Rufo,Público,Avda. Blas Infante  s/n,Córdoba,Córdoba,Córdoba,14014,957734543,INF-PRI-EE,PAC-PAM-PAE,
14012400,Colegio de Educación Infantil y Primaria,Julio Romero de Torres,Público,C/ Ramón Toledano Cuenca  S/N,Córdoba,Córdoba,Córdoba,14011,600167432,INF-PRI-EE,PAC-PAM-PAE,
14001463,Colegio de Educación Infantil y Primaria,La Aduana,Público,Ctra. de Villaviciosa  Km.7,Córdoba,Córdoba,Córdoba,14012,957379781,INF-PRI-EE,PAC-PAM-PAE-TE,CBI
14001566,Colegio de Educación Infantil y Primaria,López Diéguez,Público,C/ Arroyo de San Andrés  2,Córdoba,Córdoba,Córdoba,14001,957379960,INF-PRI-EE,PAC-PAM-PAE,CBI
14003186,Colegio de Educación Infantil y Primaria,Los Califas,Público,Avda. de Rabanales  s/n,Córdoba,Córdoba,Córdoba,14007,957734598,INF-PRI-EE,PAC-PAM-PAE,
14600966,Colegio de Educación Infantil y Primaria,Mediterráneo,Público,Avda. del Mediterráneo  s/n,Córdoba,Córdoba,Córdoba,14011,957734723,INF-PRI-EE,PAC-PAM-PAE,CBI
14601211,Colegio de Educación Infantil y Primaria,Miralbaida,Público,Paseo de los Verdiales  s/n,Córdoba,Córdoba,Córdoba,14005,957734724,INF-PRI-EE,PAM-PAE,
14600981,Colegio de Educación Infantil y Primaria,Mirasierra,Público,C/ Del Campo  17. Urb. Azahara,Córdoba,Córdoba,Córdoba,14005,957734603,INF-PRI-EE,PAC-PAM-PAE,
14004129,Colegio de Educación Infantil y Primaria,Noreña,Público,C/ Isla Tabarca  s/n,Córdoba,Córdoba,Córdoba,14011,957379774,INF-PRI-EE,PAC-PAM-PAE,
14001761,Colegio de Educación Infantil y Primaria,Ntra. Sra. de Linares,Público,C/ Lope de los Ríos  13,Córdoba,Córdoba,Córdoba,14006,957734594,INF-PRI-EE,PAC-PAM,
14001578,Colegio de Educación Infantil y Primaria,Obispo Osio,Público,C/ San Hermenegildo  s/n,Córdoba,Córdoba,Córdoba,14011,957379963,INF-PRI-EE,PAC-PAM-PAE,
14007982,Colegio de Educación Infantil y Primaria,Pablo García Baena,Público,C/ Teruel  s/n,Córdoba,Córdoba,Córdoba,14012,957734997,INF-PRI-EE,PAC-PAM-PAE,CBI
14007891,Colegio de Educación Infantil y Primaria,Pedagogo García Navarro,Público,C/ Ingeniero Antonio Carbonell  1,Córdoba,Córdoba,Córdoba,14005,957734601,INF-PRI-EE,PAC,
14001657,Colegio de Educación Infantil y Primaria,Salvador Vinuesa,Público,C/ Periodista Quesada Chacón  65,Córdoba,Córdoba,Córdoba,14005,957734573,INF-PRI-EE,PAC-PAM-PAE,CBI
14001815,Colegio de Educación Infantil y Primaria,San Fernando,Público,C/ Algeciras  s/n,Córdoba,Córdoba,Córdoba,14013,957734553,INF-PRI-EE,PAC,
14001591,Colegio de Educación Infantil y Primaria,San Juan de la Cruz,Público,C/ Priego de Córdoba  s/n,Córdoba,Córdoba,Córdoba,14013,957559501,INF-PRI-EE,PAC-PAM-PAE,
14001864,Colegio de Educación Infantil y Primaria,San Lorenzo,Público,C/ Muñices  12,Córdoba,Córdoba,Córdoba,14002,957734596,INF-PRI-EE,PAC-PAM-PAE,CBI
14001891,Colegio de Educación Infantil y Primaria,Santos Mártires,Público,C/ San Bartolomé  4,Córdoba,Córdoba,Córdoba,14004,957734587,INF-PRI-EE,PAC-PAM-PAE,
14001669,Colegio de Educación Infantil y Primaria,Santuario,Público,Avda. Calderón de la Barca  s/n,Córdoba,Córdoba,Córdoba,14010,957734744,INF-PRI-EE,PAC-PAM-PAE,
14001621,Colegio de Educación Infantil y Primaria,Tirso de Molina,Público,Avda. del Mediterráneo  s/n,Córdoba,Córdoba,Córdoba,14011,957734919,INF-PRI-EE,PAC-PAM-PAE,CBI
14601193,Colegio de Educación Infantil y Primaria,Torre Malmuerta,Público,C/ Cronista Salcedo Hierro  s/n.,Córdoba,Córdoba,Córdoba,14001,957734608,INF-PRI-EE,PAC-PAM-PAE,
14008101,Colegio de Educación Infantil y Primaria,Vista Alegre,Público,C/ Tomás de Aquino  s/n,Córdoba,Córdoba,Córdoba,14004,957734517,INF-PRI-EE,PAC-PAM,
14002613,Colegio de Educación Primaria,San Vicente Ferrer,Público,C/ Fernando Camacho  50,Córdoba,Córdoba,Córdoba,14014,957734740,PRI-EE,PAC-PAM,
14003356,Colegio de Educación Infantil y Primaria,Los Alcalá Galiano,Público,C/ Junco  s/n,Doña Mencía,Doña Mencía,Córdoba,14860,957699586,INF-PRI-EE,PAC-PAM-PAE,
14003381,Colegio de Educación Infantil y Primaria,Ntra. Sra. de Loreto,Público,Avda. Doctor Cornejo  s/n,Dos Torres,Dos Torres,Córdoba,14460,957139803,INF-PRI-EE,PAE-TE,
14001050,Colegio de Educación Infantil y Primaria,Profesor Tierno Galván,Público,Cmo. Los Naranjeros  2,El Arrecife,La Carlota,Córdoba,14191,957307617,INF-PRI-SEC-EE,PAC-PAM-TE,
14001220,Colegio de Educación Infantil y Primaria,Ramón y Cajal,Público,Avda. de Andalucía  s/n,El Carpio,El Carpio,Córdoba,14620,957199540,INF-PRI-EE,PAC-PAM-PAE-TE,
14004041,Colegio de Educación Infantil y Primaria,Virgen de las Cruces,Público,C/ Juan Carlos I  s/n,El Guijo,El Guijo,Córdoba,14413,957139806,INF-PRI,,CBI
14600838,Colegio Público Rural,Iznájar Norte,Público,C/ El Higueral  s/n - Bajo,El Higueral,Iznájar,Córdoba,14979,697951990,INF-PRI-EE,TE,
14003231,Colegio de Educación Infantil y Primaria,Maimónides,Público,C/ Gonzalo de Saavedra  2,El Higuerón,Córdoba,Córdoba,14193,957379545,INF-PRI-EE,PAC-PAM-PAE-TE,
14006849,Colegio de Educación Infantil y Primaria,La Inmaculada,Público,C/ Córdoba  53,El Viso,El Viso,Córdoba,14470,957139613,INF-PRI-EE,PAE,
14003216,Colegio de Educación Infantil y Primaria,Araceli Bujalance Arcos,Público,C/ Arquitecto Francisco Jiménez de la Cruz  s/n,Encinarejo de Córdoba,Córdoba,Córdoba,14710,957379583,INF-PRI-EE,PAC-PAM-PAE,
14003401,Colegio de Educación Infantil y Primaria,Ntra. Sra. de la Expectación,Público,C/ Rafael Alberti  1,Encinas Reales,Encinas Reales,Córdoba,14913,957596937,INF-PRI-EE,PAC-PAM-PAE,
14003423,Colegio de Educación Infantil y Primaria,Cervantes,Público,C/ Virgen del Pilar  s/n,Espejo,Espejo,Córdoba,14830,957379918,INF-PRI-EE,PAC-PAM-PAE,CBI
14003484,Colegio de Educación Infantil y Primaria,Antonio Valderrama,Público,Plaza de la Libertad  s/n,Espiel,Espiel,Córdoba,14220,957365500,INF-PRI-SEC-EE,PAC-PAM,
14003526,Colegio de Educación Infantil y Primaria,Álvaro Cecilia Moreno,Público,Ronda  de las Erillas  s/n,Fernán Núñez,Fernán Núñez,Córdoba,14520,957379543,INF-PRI-EE,PAC-PAM-PAE,
14003538,Colegio de Educación Infantil y Primaria,Fernando Miranda,Público,C/ Pintor Velázquez  41,Fernán Núñez,Fernán Núñez,Córdoba,14520,957379755,INF-PRI-EE,PAC-PAM-PAE,
14003587,Colegio de Educación Infantil y Primaria,Santa Catalina,Público,Tvsía. de los Pedroches  s/n,Fuente la Lancha,Fuente la Lancha,Córdoba,14260,957139804,INF-PRI,,
14003681,Colegio de Educación Infantil y Primaria,San Carlos Borromeo,Público,Ctra. Extremadura  s/n,Fuente Obejuna,Fuente Obejuna,Córdoba,14290,957579523,INF-PRI-EE,PAC-PAM-TE,
14600851,Colegio Público Rural,Maestro José Alcolea,Público,Ctra. Badajoz  s/n,Fuente Obejuna,Fuente Obejuna,Córdoba,14290,957579559,INF-PRI-EE,,
14007593,Colegio de Educación Primaria,Federico García Lorca,Público,C/ Posadas  52,Fuente Palmera,Fuente Palmera,Córdoba,14120,957719582,PRI-EE,PAC-PAM-PAE-TE,
14004002,Colegio de Educación Infantil y Primaria,Ntra. Sra. del Rosario,Público,C/ Nueva  2,Fuente-Tójar,Fuente-Tójar,Córdoba,14815,957559913,INF-PRI,,
14004038,Colegio de Educación Infantil y Primaria,Marqués de Guadalcázar,Público,C/ María Isidra de Guzmán  s/n,Guadalcázar,Guadalcázar,Córdoba,14130,957734500,INF-PRI-SEC-EE,PAC-PAM,
14004075,Colegio de Educación Infantil y Primaria,Inmaculada,Público,C/ Romero de Torres  56,Hinojosa del Duque,Hinojosa del Duque,Córdoba,14270,957149502,INF-PRI-EE,PAC-PAM-PAE,CBI
14004051,Colegio de Educación Infantil y Primaria,Maestro Jurado,Público,Plaza de la Caridad  49,Hinojosa del Duque,Hinojosa del Duque,Córdoba,14270,957149588,INF-PRI-EE,PAC-PAM-PAE,
14004208,Colegio de Educación Infantil y Primaria,Victoria Díez,Público,C/ Portugal  1,Hornachuelos,Hornachuelos,Córdoba,14740,957579943,INF-PRI-EE,PAC-PAE-TE,CBI
14004397,Colegio de Educación Infantil y Primaria,Ntra. Sra. de la Piedad,Público,C/ Calvario  10,Iznájar,Iznájar,Córdoba,14970,957596530,INF-PRI-EE,PAC-PAM-PAE-TE,CBI
14004464,Colegio de Educación Infantil y Primaria,Genil,Público,C/ Pleito  s/n,Jauja,Lucena,Córdoba,14911,957596939,INF-PRI-SEC-EE,,
14001074,Colegio de Educación Infantil y Primaria,Carlos III,Público,C/ Académico Luis Mapelli  12,La Carlota,La Carlota,Córdoba,14100,957307912,INF-PRI-EE,PAC-PAM-PAE-TE,CBI
14011535,Colegio de Educación Infantil y Primaria,Nelson Mandela,Público,C/ Antártida  s/n,La Carlota,La Carlota,Córdoba,14100,662974564,INF-PRI-EE,PAC-PAM-PAE-TE,CBI
14006539,Colegio de Educación Infantil y Primaria,La Guijarrosa,Público,Ctra. de Córdoba  s/n,La Guijarrosa,La Guijarrosa,Córdoba,14547,671594654,INF-PRI-SEC-EE,PAC-TE,
14006540,Colegio de Educación Infantil y Primaria,Genil,Público,C/ Genil  s/n,La Montiela,Santaella,Córdoba,14549,957307558,INF-PRI-EE,PAM-PAE,
14006357,Colegio de Educación Infantil y Primaria,Alfar,Público,C/ Los Prietos  50,La Rambla,La Rambla,Córdoba,14540,957699628,INF-PRI-EE,PAC-PAM-PAE,CBI
14006308,Colegio de Educación Infantil y Primaria,Maestro Romualdo Aguayo López,Público,C/ Cruz Verde  42,La Rambla,La Rambla,Córdoba,14540,957699611,INF-PRI-EE,PAC-PAM-PAE,
14003964,Colegio de Educación Infantil y Primaria,Ramón Medina,Público,C/ Escuelas Nuevas  s/n,La Ventilla,Fuente Palmera,Córdoba,14112,957719773,INF-PRI-EE,PAC-PAM-PAE,
14006631,Colegio de Educación Infantil y Primaria,José Antonio Valenzuela,Público,Plaza de la Constitución  9,La Victoria,La Victoria,Córdoba,14140,957307902,INF-PRI-SEC-EE,PAC-PAM,
14601107,Colegio Público Rural,Blas Infante,Público,C/ José Antonio  21,Llanos de Don Juan,Rute,Córdoba,14950,957506923,INF-PRI-EE,,
14001301,Colegio de Educación Infantil y Primaria,Llano del Espinar,Público,C/ Escuelas  9,Llanos de Espinar,Castro del Río,Córdoba,14858,957379913,PRI,,
14601181,Colegio de Educación Infantil y Primaria,Los Mochos,Público,C/ Los Mochos  s/n,Los Mochos,Almodóvar del Río,Córdoba,14729,957719796,INF-PRI-EE,PAC-PAE-TE,
14006451,Colegio de Educación Infantil y Primaria,Al-Yussana,Público,C/ Zenobia Camprubí  1,Lucena,Lucena,Córdoba,14900,957506979,INF-PRI-EE,PAC-PAM-PAE-TE,CBI
14600711,Colegio de Educación Infantil y Primaria,Antonio Machado,Público,C/ Estrella  16,Lucena,Lucena,Córdoba,14900,957596956,INF-PRI-EE,,
14004476,Colegio de Educación Infantil y Primaria,Barahona de Soto,Público,C/ Ancha  Nº 50,Lucena,Lucena,Córdoba,14900,957596941,INF-PRI-EE,,CBI
14007261,Colegio de Educación Infantil y Primaria,El Prado,Público,Avda. Blas Infante  1,Lucena,Lucena,Córdoba,14900,957596953,INF-PRI-EE,PAC-PAM-TE,CBI
14004488,Colegio de Educación Infantil y Primaria,Ntra. Sra. de Araceli,Público,Paseo de Rojas  2,Lucena,Lucena,Córdoba,14900,957596568,INF-PRI-EE,PAC-PAM,CBI
14004506,Colegio de Educación Infantil y Primaria,Ntra. Sra. del Carmen,Público,C/ El Carmen  4,Lucena,Lucena,Córdoba,14900,957596946,INF-PRI-EE,PAC-PAM-PAE,CBI
14004521,Colegio de Educación Infantil y Primaria,San José de Calasanz,Público,C/ Jose Nieto Muñoz  10,Lucena,Lucena,Córdoba,14900,957596949,INF-PRI-EE,PAC-PAM-PAE,
14004622,Colegio de Educación Infantil y Primaria,Virgen del Valle,Público,C/ Corazón de Jesús  s/n,Lucena,Lucena,Córdoba,14900,957596800,INF-PRI-EE,PAC-PAM-PAE-TE,CBI
14004658,Colegio de Educación Infantil y Primaria,Ntra. Sra. del Rosario,Público,C/ Cruz Marbella  s/n,Luque,Luque,Córdoba,14880,957699654,INF-PRI-EE,PAC-PAM-PAE,CBI
14600841,Colegio Público Rural,Bembézar,Público,C/ San Isidro  9-11,Mesas del Guadalora,Hornachuelos,Córdoba,14709,957714634,INF-PRI-EE,,
14006874,Colegio de Educación Infantil y Primaria,Monte Albo,Público,C/ Montealbo  12,Montalbán de Córdoba,Montalbán de Córdoba,Córdoba,14548,957307528,INF-PRI-EE,PAC-PAE,CBI
14001141,Colegio de Educación Infantil y Primaria,Monte Alto,Público,Avda. de Andalucía  57,Monte Alto,La Carlota,Córdoba,14100,957307512,INF-PRI-SEC-EE,PAC-PAM-PAE-TE,
14004701,Colegio de Educación Infantil y Primaria,Miguel de Cervantes,Público,C/ Ejido  1,Montemayor,Montemayor,Córdoba,14530,957384221,INF-PRI-EE,PAC-PAM-PAE,
14004749,Colegio de Educación Infantil y Primaria,Beato Juan de Ávila,Público,C/ Luis Braille  19,Montilla,Montilla,Córdoba,14550,957699923,INF-PRI-EE,PAM-PAE,
14004786,Colegio de Educación Infantil y Primaria,Gran Capitán,Público,Avda. de la Constitución  s/n,Montilla,Montilla,Córdoba,14550,957699592,INF-PRI-EE,PAC-PAM-TE,CBI
14004762,Colegio de Educación Infantil y Primaria,San Francisco Solano,Público,C/ Giner de los Ríos  4,Montilla,Montilla,Córdoba,14550,957699924,INF-PRI-EE,PAC-PAM-PAE,
14004774,Colegio de Educación Infantil y Primaria,San José,Público,Ronda de Curtidores  8,Montilla,Montilla,Córdoba,14550,957699590,INF-PRI-EE,PAM-PAE,CBI
14007143,Colegio de Educación Infantil y Primaria,Vicente Aleixandre,Público,C/ Conde de la Cortina  26,Montilla,Montilla,Córdoba,14550,957699639,INF-PRI-EE,PAC-PAM-PAE,CBI
14007337,Colegio de Educación Infantil y Primaria,Épora,Público,Avda.  de Andalucía  s/n,Montoro,Montoro,Córdoba,14600,957199925,INF-PRI-EE,PAC-PAM-PAE-TE,
14004920,Colegio de Educación Infantil y Primaria,Ntra. Sra. del Rosario,Público,C/ Poeta Manuel Terrín Benavides  s/n.Vaguada de La Paloma,Montoro,Montoro,Córdoba,14600,957199911,INF-PRI-EE,PAC-PAM-PAE,CBI
14004932,Colegio de Educación Infantil y Primaria,San Francisco Solano,Público,C/ Cervantes  9,Montoro,Montoro,Córdoba,14600,957199913,INF-PRI-EE,PAC-PAE,
14004944,Colegio de Educación Infantil y Primaria,Santo Tomás de Aquino,Público,C/ Renepon  s/n,Montoro,Montoro,Córdoba,14600,957199543,INF-PRI-EE,PAC-PAM-PAE-TE,
14005055,Colegio de Educación Infantil y Primaria,Torre del Castillo,Público,C/ Moriles  26,Monturque,Monturque,Córdoba,14930,957596951,INF-PRI-SEC-EE,PAC-PAM-PAE-TE,
14005079,Colegio de Educación Infantil y Primaria,García de Leániz,Público,Avda.  del Deporte  s/n,Moriles,Moriles,Córdoba,14510,957596570,INF-PRI-EE,PAC-PAM-PAE,
14004646,Colegio de Educación Infantil y Primaria,San Francisco,Público,C/ Escuelas Nuevas  6,Navas del Selpillar,Lucena,Córdoba,14511,957506943,INF-PRI-EE,,
14005080,Colegio de Educación Infantil y Primaria,Francisco García Amo,Público,Avda. de la Constitución  13,Nueva Carteya,Nueva Carteya,Córdoba,14857,957699603,INF-PRI-EE,PAC-PAM-PAE,
14601031,Colegio Público Rural,Vía Augusta,Público,C/ Eugenio Barroso  s/n,Obejo,Obejo,Córdoba,14310,957365534,INF-PRI-SEC-EE,TE,
14003897,Colegio de Educación Infantil y Primaria,Fernández Grilo,Público,Avda. Guadalquivir  26,Ochavillo del Río,Fuente Palmera,Córdoba,14129,957719699,INF-PRI-SEC-EE,PAC,
14005134,Colegio de Educación Infantil y Primaria,San José,Público,C/ Alameda  3,Palenciana,Palenciana,Córdoba,14914,957596724,INF-PRI-SEC-EE,PAC-PAM,
14005237,Colegio de Educación Infantil y Primaria,Antonio Carmona Sosa,Público,Avda.  Aulio Cornelio  59,Palma del Río,Palma del Río,Córdoba,14700,957719923,INF-PRI-EE,PAC-PAM-PAE-TE,
14005201,Colegio de Educación Infantil y Primaria,El Parque,Público,Avda. de la Diputación  s/n,Palma del Río,Palma del Río,Córdoba,14700,957719917,INF-PRI-EE,PAC-PAM-PAE,
14601235,Colegio de Educación Infantil y Primaria,Ferrobús,Público,Avda. de la Paz s/n,Palma del Río,Palma del Río,Córdoba,14700,957719705,INF-PRI-EE,PAC-PAM-PAE,CBI
14005225,Colegio de Educación Infantil y Primaria,San Sebastián,Público,Ronda del Jardín  s/n,Palma del Río,Palma del Río,Córdoba,14700,957719919,INF-PRI-EE,PAC-PAM-PAE,CBI
14601090,Colegio Público Rural,Maestro Rafael Chacón Villafranca,Público,C/ Iglesia  s/n,Palomar,Puente Genil,Córdoba,14512,957618556,INF-PRI-EE,PAC,CBI
14005390,Colegio de Educación Infantil y Primaria,Antonio Machado,Público,C/ Espino  s/n,Pedro Abad,Pedro Abad,Córdoba,14630,957199909,INF-PRI-EE,PAC-PAM-PAE,
14005419,Colegio de Educación Infantil y Primaria,Simón Obejo y Valera,Público,C/ Damas  49,Pedroche,Pedroche,Córdoba,14412,957139642,INF-PRI-SEC-EE,,
14006898,Colegio de Educación Infantil y Primaria,Maestro Francisco Gómez,Público,C/ Ventilla  s/n,Peñalosa,Fuente Palmera,Córdoba,14129,671596301,PRI,,
14005420,Colegio de Educación Infantil y Primaria,Alfredo Gil,Público,Avda. Vista Alegre  s/n,Peñarroya-Pueblonuevo,Peñarroya-Pueblonuevo,Córdoba,14200,957579532,INF-PRI-EE,PAC-PAM-PAE,CBF
14005444,Colegio de Educación Infantil y Primaria,Aurelio Sánchez,Público,C/ Aurelio Sánchez  21,Peñarroya-Pueblonuevo,Peñarroya-Pueblonuevo,Córdoba,14200,957579534,INF-PRI-EE,PAC-PAM-PAE,
14005456,Colegio de Educación Infantil y Primaria,Eladio León,Público,C/ Samaniego  s/n,Peñarroya-Pueblonuevo,Peñarroya-Pueblonuevo,Córdoba,14200,957579536,INF-PRI-EE,PAC-PAM-PAE,CBI
14005432,Colegio de Educación Infantil y Primaria,San José de Calasanz,Público,Ronda de la Paz  7,Peñarroya-Pueblonuevo,Peñarroya-Pueblonuevo,Córdoba,14200,957579906,INF-PRI-EE,PAC-PAM-PAE-TE,CBF
14007386,Colegio de Educación Infantil y Primaria,Andalucía,Público,Avda. de Andalucía  s/n,Posadas,Posadas,Córdoba,14730,957719550,INF-PRI-EE,PAC-PAM-PAE-TE,CBA-CBI
14005535,Colegio de Educación Infantil y Primaria,Ntra. Sra. de la Salud,Público,Plaza Virgen de la Salud  s/n,Posadas,Posadas,Córdoba,14730,957719513,INF-PRI-EE,PAC-PAM-PAE,CBI
14005614,Colegio de Educación Infantil y Primaria,Ginés de Sepúlveda,Público,C/ Llanos  s/n,Pozoblanco,Pozoblanco,Córdoba,14400,957139519,INF-PRI-EE,PAC-PAM-PAE-TE,CBI
14005584,Colegio de Educación Infantil y Primaria,Manuel Cano Damián,Público,C/ Ronda de los Muñoces  19,Pozoblanco,Pozoblanco,Córdoba,14400,957139512,INF-PRI-EE,PAC-PAM-PAE,
14005602,Colegio de Educación Infantil y Primaria,Virgen de Luna,Público,C/ San José  6,Pozoblanco,Pozoblanco,Córdoba,14400,957139515,INF-PRI-EE,PAC-PAM,
14005973,Colegio de Educación Infantil y Primaria,Ángel Carrillo,Público,Avda. D.Niceto Alacalá- Zamora   s/n,Priego de Córdoba,Priego de Córdoba,Córdoba,14800,957559922,INF-PRI-EE,PAC-PAM-PAE-TE,CBI
14005869,Colegio de Educación Infantil y Primaria,Camacho Melendo,Público,C/ Ramón y Cajal  49,Priego de Córdoba,Priego de Córdoba,Córdoba,14800,957559556,INF-PRI-EE,PAC,CBI
14005870,Colegio de Educación Infantil y Primaria,Cristóbal Luque Onieva,Público,C/ Haza Luna  s/n,Priego de Córdoba,Priego de Córdoba,Córdoba,14800,957559903,INF-PRI-EE,PAC-PAM,CBI
14005857,Colegio de Educación Infantil y Primaria,Niceto Alcalá-Zamora y Torres,Público,C/ Albaicín  3,Priego de Córdoba,Priego de Córdoba,Córdoba,14800,957559900,INF-PRI,PAC,CBI
14007118,Colegio de Educación Infantil y Primaria,Virgen de la Cabeza,Público,C/ Virgen de la Cabeza  60,Priego de Córdoba,Priego de Córdoba,Córdoba,14800,957559924,INF-PRI-EE,PAC,CBI
14600929,Colegio Público Rural,Tiñosa,Público,C/ Río  50,Priego de Córdoba,Priego de Córdoba,Córdoba,14800,957559950,INF-PRI-EE,TE,
14006141,Colegio de Educación Infantil y Primaria,Agustín Rodríguez,Público,C/ Baldomero Jiménez  s/n,Puente Genil,Puente Genil,Córdoba,14500,957618573,INF-PRI-EE,PAC-PAM,
14007398,Colegio de Educación Infantil y Primaria,Castillo de Anzur,Público,C/ Montalbán  s/n,Puente Genil,Puente Genil,Córdoba,14500,957618931,INF-PRI-EE,PAC-PAE,
14007994,Colegio de Educación Infantil y Primaria,Dulce Nombre,Público,C/ La Huerta  s/n,Puente Genil,Puente Genil,Córdoba,14500,957618557,INF-PRI,,CBI
14006126,Colegio de Educación Infantil y Primaria,José María Pemán,Público,C/ José María Pemán  s/n,Puente Genil,Puente Genil,Córdoba,14500,957618916,INF-PRI-EE,,CBI
14600747,Colegio de Educación Infantil y Primaria,Maestro Enrique Asensi,Público,C/ Madrid  s/n,Puente Genil,Puente Genil,Córdoba,14500,957618933,INF-PRI-EE,PAC-PAE,
14006151,Colegio de Educación Infantil y Primaria,Miragenil,Público,C/ Herrera  13,Puente Genil,Puente Genil,Córdoba,14500,957618544,INF-PRI-EE,TE,CBI
14006138,Colegio de Educación Infantil y Primaria,Santiago Ramón y Cajal,Público,C/ Príncipe de Asturias  s/n,Puente Genil,Puente Genil,Córdoba,14500,957618918,INF-PRI-EE,PAC-PAM-PAE,
14600917,Colegio Público Rural,Ana de Charpentier,Público,Avda. de la Torre  s/n,Quintana,La Carlota,Córdoba,14191,697951443,INF-PRI-EE,PAC-PAM-TE,
14006400,Colegio de Educación Infantil y Primaria,Fuente del Moral,Público,C/ Fuente del Moral  s/n,Rute,Rute,Córdoba,14960,957596810,INF-PRI-EE,PAC-PAM-TE,
14600905,Colegio de Educación Infantil y Primaria,Los Pinos,Público,C/ del Hacho  25,Rute,Rute,Córdoba,14960,957596961,INF-PRI-EE,PAM,
14006394,Colegio de Educación Infantil y Primaria,Ruperto Fernández Tenllado,Público,C/ Libertad  s/n,Rute,Rute,Córdoba,14960,957596614,INF-PRI-EE,PAE,
14006527,Colegio de Educación Infantil y Primaria,Santo Tomás de Aquino,Público,C/ Enrique Gastardi  s/n,San Sebastián de los Ballesteros,San Sebastián de los Ballesteros,Córdoba,14150,957307546,INF-PRI-EE,,CBI
14004877,Colegio de Educación Infantil y Primaria,Elena Luque,Público,Avda. Primero de Mayo  s/n,Santa Cruz,Córdoba,Córdoba,14820,957379544,INF-PRI,PAC-PAE,
14006588,Colegio de Educación Infantil y Primaria,San Pedro y Santa Teresa,Público,C/ Maestro Manuel Moreno  3,Santa Eufemia,Santa Eufemia,Córdoba,14491,957139827,INF-PRI,PAE,
14006552,Colegio de Educación Infantil y Primaria,Urbano Palma,Público,Brr. Isla  s/n,Santaella,Santaella,Córdoba,14546,957307907,INF-PRI-EE,PAC-PAM-PAE-TE,
14007210,Colegio de Educación Infantil y Primaria,Antonio Gala,Público,C/ Écija  s/n,Silillos,Fuente Palmera,Córdoba,14110,957719934,INF-PRI,,
14006591,Colegio de Educación Infantil y Primaria,Ntra. Sra. de las Veredas,Público,C/ Gracia  78,Torrecampo,Torrecampo,Córdoba,14410,957139644,INF-PRI-SEC-EE,,
14006606,Colegio de Educación Infantil y Primaria,Nuestro Padre Jesús,Público,Paseo Valenzuela  6,Valenzuela,Valenzuela,Córdoba,14670,957199922,INF-PRI-SEC-EE,,
14600863,Colegio Público Rural,Ágora,Público,C/ Calvario  1,Valsequillo,Valsequillo,Córdoba,14206,957579562,INF-PRI-EE,,
14600826,Colegio Público Rural,Iznájar Sur,Público,C/ Ventorros de Balerma  s/n - Bajo (Plaza Las Palmeras),Ventorros de Balerma,Iznájar,Córdoba,14978,957596959,PRI-EE,TE,
14006643,Colegio de Educación Infantil y Primaria,Poeta Molleja,Público,C/ Juan Parejo  s/n,Villa del Río,Villa del Río,Córdoba,14640,957199566,INF-PRI-EE,PAC-PAM-PAE-TE,CBI
14006667,Colegio de Educación Infantil y Primaria,Teresa Comino,Público,C/ Soledad  s/n,Villafranca de Córdoba,Villafranca de Córdoba,Córdoba,14420,957199574,INF-PRI-EE,PAC-PAM,
14003976,Colegio de Educación Infantil y Primaria,Séneca,Público,Ctra. Ronda  s/n,Villalón,Fuente Palmera,Córdoba,14129,671567719,INF-PRI,,
14007246,Colegio de Educación Infantil y Primaria,María Moreno,Público,C/ Angosta  s/n,Villanueva de Córdoba,Villanueva de Córdoba,Córdoba,14440,957139534,INF-PRI-EE,PAC-PAM-PAE-TE,CBI
14006722,Colegio de Educación Infantil y Primaria,San Miguel,Público,C/ San Antonio  2,Villanueva de Córdoba,Villanueva de Córdoba,Córdoba,14440,957139532,INF-PRI-EE,PAC-PAM-PAE,CBI
14006709,Colegio de Educación Infantil y Primaria,Virgen de Luna,Público,C/ Pozoblanco  65,Villanueva de Córdoba,Villanueva de Córdoba,Córdoba,14440,957139528,INF-PRI-EE,PAC-PAM-PAE,CBI
14006783,Colegio de Educación Infantil y Primaria,Maestro Rogelio Fernández,Público,C/ Carretera  5,Villanueva del Duque,Villanueva del Duque,Córdoba,14250,957139585,INF-PRI-SEC-EE,PAC-PAM-TE,
14006813,Colegio de Educación Infantil y Primaria,Miguel de Cervantes,Público,C/ Era de Antón Romero  s/n,Villanueva del Rey,Villanueva del Rey,Córdoba,14230,957579902,INF-PRI-EE,,
14007222,Colegio de Educación Infantil y Primaria,San Isidro Labrador,Público,Plaza Real  80,Villar,Fuente Palmera,Córdoba,14115,957719676,INF-PRI-EE,PAC-PAE-TE,
14006825,Colegio de Educación Infantil y Primaria,Nicolás del Valle,Público,Avda. del Parque  1,Villaralto,Villaralto,Córdoba,14490,957139935,INF-PRI,PAE,
14003290,Colegio de Educación Infantil y Primaria,Azahara,Público,C/ Azahara  s/n,Villarrubia,Córdoba,Córdoba,14710,671534083,INF-PRI-EE,PAC-PAM-PAE-TE,
14600899,Colegio de Educación Infantil y Primaria,La Paz,Público,C/ El Veredón de los Frailes  s/n,Villarrubia,Córdoba,Córdoba,14710,957379602,INF-PRI-EE,PAC-PAM-PAE,
14006837,Colegio de Educación Infantil y Primaria,Ntra. Sra. de Villaviciosa,Público,Ctra. de Córdoba  s/n,Villaviciosa de Córdoba,Villaviciosa de Córdoba,Córdoba,14300,957365520,INF-PRI-EE,PAC-PAM-PAE-TE,
14006850,Colegio de Educación Infantil y Primaria,Ntra. Sra. de los Remedios,Público,C/ Santo  s/n,Zuheros,Zuheros,Córdoba,14870,957699500,INF-PRI-SEC,,


